Ticker,OriginalSymbol,Unit,LotSize,PipSize
BNZL.L,Bunzl_(BNZL.L),EUR,1,0
BRBY.L,Burberry_Group_(BRBY.L),EUR,1,0
BWP.AX,BWP_Trust_(BWP.AX),USD,1,0
COK.DE,Cancom_SE_(COK.DE),EUR,1,0
CAPC.L,Capco_(CAPC.L),EUR,1,0
AFX.DE,Carl_Zeiss_Meditec_(AFX.DE),EUR,1,0
CCL.L,Carnival_(CCL.L),EUR,1,0
CAR.AX,Carsales.com_(CAR.AX),USD,1,0
CNA.L,Centrica_(CNA.L),EUR,1,0
CGF.AX,Challenger_Ltd_(CGF.AX),USD,1,0
CHC.AX,Charter_Hall_Group_(CHC.AX),USD,1,0
CLW.AX,Charter_Hall_LWR_FP_(CLW.AX),USD,1,0
CQR.AX,Charter_Hall_Retail_(CQR.AX),USD,1,0
CNU.AX,Chorus_Ltd_(CNU.AX),USD,1,0
CIM.AX,Cimic_Group_Ltd_(CIM.AX),USD,1,0
CWY.AX,Cleanaway_Waste_Ltd_(CWY.AX),USD,1,0
CUV.AX,Clinuvel_Pharmaceut_(CUV.AX),USD,1,0
CCH.L,Coca-Cola_HBC_(CCH.L),EUR,1,0
COH.AX,Cochlear_Ltd_(COH.AX),USD,1,0
COL.AX,Coles_Group_Ltd_(COL.AX),USD,1,0
CKF.AX,Collins_Food_Ltd_(CKF.AX),USD,1,0
CBK.DE,Commerzbank_AG_(CBK.DE),EUR,1,0
CPG.L,Compass_Group_(CPG.L),EUR,1,0
COP.DE,CompuGroup_Medical_(COP.DE),EUR,1,0
CCC.L,Computacenter_PLC_(CCC.L),EUR,1,0
CPU.AX,Computershare_Ltd_(CPU.AX),USD,1,0
CON.DE,Continental_(CON.DE),EUR,1,0
CTEC.L,Convatec_Group_PLC_(CTEC.L),EUR,1,0
COE.AX,CooperEnergy_Ltd_(COE.AX),USD,1,0
COPX.P,Copper_Miners_ETF_(COPX.P),USD,1,0
CTD.AX,Corp_Travel_Ltd_(CTD.AX),USD,1,0
CGC.AX,Costa_Group_Hldgs_(CGC.AX),USD,1,0
COV.DE,Covestro_AG_(COV.DE),EUR,1,0
CWK.L,Cranswick_PLC_(CWK.L),EUR,1,0
CCP.AX,Credit_Corp_Group_(CCP.AX),USD,1,0
CROX.O,Crocs_Inc_(CROX.O),USD,1,0
CRDA.L,Croda_(CRDA.L),EUR,1,0
CMW.AX,Cromwell_Property_(CMW.AX),USD,1,0
CWN.AX,Crown_Resorts_Ltd_(CWN.AX),USD,1,0
CSL.AX,CSL_Ltd_(CSL.AX),USD,1,0
CSR.AX,CSR_Ltd_(CSR.AX),USD,1,0
EVD.DE,CTS_Eventim_AG_(EVD.DE),EUR,1,0
DAI.DE,Daimler_AG_(DAI.DE),EUR,1,0
DCC.L,DCC_(DCC.L),EUR,1,0
GNS.L,Genus_PLC_(GNS.L),EUR,1,0
DPH.L,Dechra_Pharmac_(DPH.L),EUR,1,0
DHR.DE,Delivery_Hero_(DHR.DE),EUR,1,0
DMTK.O,DermTech_(DMTK.O),USD,1,0
DLN.L,Derwent_London_PLC_(DLN.L),EUR,1,0
DBK.DE,Deutsche_Bank_AG_(DBK.DE),EUR,1,0
DB1.DE,Deutsche_Boerse_(DB1.DE),EUR,1,0
DTE.DE,Deutsche_Telekom_(DTE.DE),EUR,1,0
DXS.AX,Dexus_Property_Grp_(DXS.AX),USD,1,0
DGE.L,Diageo_(DGE.L),EUR,1,0
DWAC.O,Digital_World_Acq._(DWAC.O),USD,1,0
DPLM.L,Diploma_PLC_(DPLM.L),EUR,1,0
DLG.L,Direct_Line_Grp_(DLG.L),EUR,1,0
SDY.P,Dividend_ETF_(SDY.P),USD,1,0
DC.L,Dixons_Carphone_PLC_(DC.L),EUR,1,0
DHG.AX,Domain_Hldgs_Aust._(DHG.AX),USD,1,0
DMP.AX,Domino_PIZZA_Ent._(DMP.AX),USD,1,0
DOM.L,Dominos_Pizza_Grp_(DOM.L),EUR,1,0
DOW.AX,Downer_Edi_Ltd_(DOW.AX),USD,1,0
DRX.L,Drax_Group_PLC_(DRX.L),EUR,1,0
DBX.O,Dropbox_(DBX.O),USD,1,0
SMDS.L,DS_Smith_(SMDS.L),EUR,1,0
DNLM.L,Dunelm_Group_PLC_(DNLM.L),EUR,1,0
DUE.DE,Durr_AG_(DUE.DE),EUR,1,0
EON.DE,E.ON_SE_(EON.DE),EUR,1,0
EZJ.L,EasyJet_(EZJ.L),EUR,1,0
USDRUB,USDRUB,USD,100000,0
ELD.AX,Elders_Limited_(ELD.AX),USD,1,0
ECM.L,Electrocomponents_(ECM.L),EUR,1,0
EDIV.P,EM_Dividend_ETF_(EDIV.P),USD,1,0
EWX.P,EM_SmallCap_ETF_(EWX.P),USD,1,0
EML.AX,EML_Payments_Ltd_(EML.AX),USD,1,0
XNGUSD,XNGUSD,PIPS,10000,0
XLE.P,Energy_Select_Fund_(XLE.P),USD,1,0
NERD.P,Esport_&_Dig._Ent_(NERD.P),USD,1,0
EHE.AX,Estia_Health_Ltd_(EHE.AX),USD,1,0
MJX.P,ETFMG_Alt_Harvest_(MJX.P),USD,1,0
SGOL.P,ETFS_Gold_Trust_(SGOL.P),USD,1,0
EVN.AX,Evolution_Mining_(EVN.AX),USD,1,0
EVK.DE,Evonik_Industries_(EVK.DE),EUR,1,0
EVT.DE,Evotec_SE_(EVT.DE),EUR,1,0
EVR.L,Evraz_(EVR.L),EUR,1,0
EXPN.L,Experian_(EXPN.L),EUR,1,0
FCIT.L,F&C_Investment_Trst_(FCIT.L),EUR,1,0
FERG.L,Ferguson_Plc_(FERG.L),EUR,1,0
FXPO.L,Ferrexpo_PLC_(FXPO.L),EUR,1,0
FCSS.L,Fidelity_China_Spcl_(FCSS.L),EUR,1,0
FGT.L,Finsbury_Grwth_Trst_(FGT.L),EUR,1,0
FPH.AX,Fisher_&_Paykel_(FPH.AX),USD,1,0
FBU.AX,Fletcher_Building_(FBU.AX),USD,1,0
FLT.AX,Flight_Centre_Trav._(FLT.AX),USD,1,0
FLTR.L,Flutter_Entertain_(FLTR.L),EUR,1,0
FMG.AX,Fortescue_Metals_(FMG.AX),USD,1,0
FRA.DE,Fraport_AG_(FRA.DE),EUR,1,0
FRAS.L,Frasers_Group_PLC_(FRAS.L),EUR,1,0
FNTN.DE,Freenet_AG_(FNTN.DE),EUR,1,0
FRE.DE,Fresenius_(FRE.DE),EUR,1,0
FME.DE,Fresenius_Med_Care_(FME.DE),EUR,1,0
FRES.L,Fresnillo_(FRES.L),EUR,1,0
FPE.DE,Fuchs_Petrolub_SE_(FPE.DE),EUR,1,0
FUTR.L,Future_PLC_(FUTR.L),EUR,1,0
GUD.AX,G.U.D._Holdings_(GUD.AX),USD,1,0
GEM.AX,G8_Education_Ltd_(GEM.AX),USD,1,0
GAW.L,Games_Workshop_Grp_(GAW.L),EUR,1,0
GYS.L,Gamesys_Group_PLC_(GYS.L),EUR,1,0
G1A.DE,GEA_Group_AG_(G1A.DE),EUR,1,0
GXI.DE,Gerresheimer_AG_(GXI.DE),EUR,1,0
GTLB.O,Gitlab_(GTLB.O),USD,1,0
GSK.L,GlaxoSmithKline_(GSK.L),EUR,1,0
IXG.P,Glbl_Financial_ETF_(IXG.P),USD,1,0
EXI.P,Glbl_Industrials_ETF_(EXI.P),USD,1,0
FAN.P,Glbl_Wind_Energy_ETF_(FAN.P),USD,1,0
GLEN.L,Glencore_Xstrata_(GLEN.L),EUR,1,0
KRBN.P,Global_Carbon_ETF_(KRBN.P),USD,1,0
IXC.P,Global_Energy_ETF_(IXC.P),USD,1,0
WOOD.OQ,Global_Forestry_(WOOD.OQ),USD,1,0
IGF.P,Global_Infrast._ETF_(IGF.P),USD,1,0
SIL.P,Global_Silver_Miners_(SIL.P),USD,1,0
IXP.P,Global_Telecom_ETF_(IXP.P),USD,1,0
URA.P,Global_Uranium_ETF_(URA.P),USD,1,0
GDX.P,Gold_Miners_ETF_(GDX.P),USD,1,0
GOR.AX,Gold_Road_Res_Ltd_(GOR.AX),USD,1,0
GMG.AX,Goodman_Group_(GMG.AX),USD,1,0
GGPI.O,Gores_Guggenheim_(GGPI.O),USD,1,0
GPT.AX,GPT_Group_(GPT.AX),USD,1,0
GFTU.L,Grafton_Group_PLC_(GFTU.L),EUR,1,0
GNC.AX,GrainCorp_Ltd_(GNC.AX),USD,1,0
GRI.L,Grainger_PLC_(GRI.L),EUR,1,0
GYCD.DE,Grand_City_Prop._(GYCD.DE),EUR,1,0
GPOR.L,Great_Portland_Ests_(GPOR.L),EUR,1,0
UKW.L,Greencoat_UK_Wind__(UKW.L),POINTS,1,0
GRG.L,Greggs_PLC_(GRG.L),EUR,1,0
GLJ.DE,Grenke_AG_(GLJ.DE),EUR,1,0
GOZ.AX,Growthpoint_Prop._(GOZ.AX),USD,1,0
GWA.AX,GWA_Group_Ltd_(GWA.AX),USD,1,0
HLMA.L,Halma_(HLMA.L),EUR,1,0
HNR1.DE,Hannover_RE_AG_(HNR1.DE),EUR,1,0
HVPE.L,HarbourVest_Glbl_PE_(HVPE.L),EUR,1,0
HL.L,Hargreaves_Lansdown_(HL.L),EUR,1,0
HVN.AX,Harvey_Norman_(HVN.AX),USD,1,0
HAS.L,Hays_PLC_(HAS.L),EUR,1,0
HLS.AX,Healius_(HLS.AX),USD,1,0
HEI.DE,HeidelbergCement_(HEI.DE),EUR,1,0
HLED.DE,HELLA_GmbH_&_Co._(HLED.DE),EUR,1,0
HFG.DE,HelloFresh_SE_(HFG.DE),EUR,1,0
HNK.DE,Henkel_AG_&_Co_(HNK.DE),EUR,1,0
HIK.L,Hikma_Pharma_(HIK.L),EUR,1,0
HOT.DE,Hochtief_AG_(HOT.DE),EUR,1,0
XHB.P,Homebuilders_ETF_(XHB.P),USD,1,0
HSV.L,HomeServe_PLC_(HSV.L),EUR,1,0
HWDN.L,Howden_Joinery_Grp_(HWDN.L),EUR,1,0
HSBA.L,HSBC_(HSBA.L),EUR,1,0
HUB.AX,HUB24_Ltd_(HUB.AX),USD,1,0
BOSS.DE,Hugo_Boss_AG_(BOSS.DE),EUR,1,0
IEL.AX,Idp_Education_Ltd_(IEL.AX),USD,1,0
IGG.L,IG_Group_Holdings_(IGG.L),EUR,1,0
ILU.AX,Iluka_Resources_(ILU.AX),USD,1,0
IMB.L,Imperial_Brands_(IMB.L),EUR,1,0
INCH.L,Inchcape_PLC_(INCH.L),EUR,1,0
IPL.AX,Incitec_Pivot_(IPL.AX),USD,1,0
IGO.AX,Independence_Group_(IGO.AX),USD,1,0
XLI.P,Industrial_Select_(XLI.P),USD,1,0
IFX.DE,Infineon_(IFX.DE),EUR,1,0
INF.L,Informa_(INF.L),EUR,1,0
INA.AX,Ingenia_Group_(INA.AX),USD,1,0
IAG.AX,Insurance_Aus_Grp_(IAG.AX),USD,1,0
IAG.L,Int_Airlines_Group_(IAG.L),EUR,1,0
IHG.L,Intercont_Hotels_(IHG.L),EUR,1,0
ICP.L,Intermediate_Cap_(ICP.L),EUR,1,0
ITRK.L,Intertek_Group_(ITRK.L),EUR,1,0
DBA.P,Invesco_DB_Ag_Fund_(DBA.P),USD,1,0
INVP.L,Investec_PLC_(INVP.L),EUR,1,0
IVC.AX,Invocare_Ltd_(IVC.AX),USD,1,0
IFL.AX,IOOF_Holdings_Ltd_(IFL.AX),USD,1,0
IPH.AX,IPH_Ltd_(IPH.AX),USD,1,0
IRE.AX,Iress_Ltd_(IRE.AX),USD,1,0
ACWI.OQ,iShares_ACWI_ETF_(ACWI.OQ),USD,1,0
EWZ.P,iShares_Brazil_ETF_(EWZ.P),USD,1,0
BRF.P,iShares_Brazil_S-Cap_(BRF.P),USD,1,0
EWC.P,iShares_Canada_ETF_(EWC.P),USD,1,0
FXI.P,iShares_China_25_ETF_(FXI.P),USD,1,0
EFA.P,iShares_EAFE_ETF_(EFA.P),USD,1,0
IEV.P,iShares_Europe_ETF_(IEV.P),USD,1,0
EWQ.P,iShares_France_ETF_(EWQ.P),USD,1,0
EWG.P,iShares_Germany_ETF_(EWG.P),USD,1,0
EWM.P,iShares_Malaysia_ETF_(EWM.P),USD,1,0
EWW.P,iShares_Mexico_ETF_(EWW.P),USD,1,0
ENZL.P,iShares_New_Zealand_(ENZL.P),USD,1,0
EPU.P,iShares_Peru_ETF_(EPU.P),USD,1,0
IWV.P,iShares_Russell_3000_(IWV.P),USD,1,0
EWP.P,iShares_Spain_ETF_(EWP.P),USD,1,0
EWD.P,iShares_Sweden_ETF_(EWD.P),USD,1,0
EWT.P,iShares_Taiwan_ETF_(EWT.P),USD,1,0
THD.P,iShares_Thailand_ETF_(THD.P),USD,1,0
EWU.P,iShares_U.K_ETF_(EWU.P),USD,1,0
IUSG.P,iShares_US_Growth_(IUSG.P),USD,1,0
PFF.P,iShares_US_Prf_Stock_(PFF.P),USD,1,0
ITV.L,ITV_(ITV.L),EUR,1,0
IWG.L,IWG_PLC_(IWG.L),EUR,1,0
JDW.L,J_D_Wetherspoon_PLC_(JDW.L),EUR,1,0
JHX.AX,James_Hardie_(JHX.AX),USD,1,0
JHG.AX,Janus_Henderson_(JHG.AX),USD,1,0
JBH.AX,JB_Hi-Fi_Limited_(JBH.AX),USD,1,0
JD.L,JD_Sports_(JD.L),EUR,1,0
JEF.N,Jefferies_Financial_(JEF.N),USD,1,0
GDXJ.P,Jnr_Gold_Miner_(GDXJ.P),USD,1,0
WG.L,John_Wood_Group_PLC_(WG.L),EUR,1,0
JMAT.L,Johnson_Matthey_(JMAT.L),EUR,1,0
JIN.AX,Jumbo_Interactive_(JIN.AX),USD,1,0
JE.L,Just-Eat_Group_Hldg_(JE.L),EUR,1,0
SDF.DE,K+S_AG_(SDF.DE),EUR,1,0
KNOS.L,Kainos_Group_PLC_(KNOS.L),EUR,1,0
KGXD.DE,Kion_Group_AG_(KGXD.DE),EUR,1,0
KBXD.DE,Knorr-Bremse_AG_(KBXD.DE),EUR,1,0
LAND.L,Land_Securities_(LAND.L),EUR,1,0
LXS.DE,Lanxess_AG_(LXS.DE),EUR,1,0
ILF.P,LATAM_40_ETF_(ILF.P),USD,1,0
LEG.DE,LEG_Immobilien_AG_(LEG.DE),EUR,1,0
LGEN.L,Legal_&_General_(LGEN.L),EUR,1,0
LLC.AX,Lendlease_Group_(LLC.AX),USD,1,0
LIN.DE,Linde_(LIN.DE),EUR,1,0
LNK.AX,Link_Admin_HLDG_(LNK.AX),USD,1,0
LIS.AX,Li-S_Energy_(LIS.AX),USD,1,0
LIT.P,Lithium_ETF_(LIT.P),USD,1,0
LLOY.L,Lloyds_Banking_(LLOY.L),EUR,1,0
LOGI.O,Logitech_Int_(LOGI.O),USD,1,0
LSE.L,London_Stock_Exch_(LSE.L),EUR,1,0
LMP.L,LondonMetric_Prop_(LMP.L),EUR,1,0
LHA.DE,Lufthansa_(LHA.DE),EUR,1,0
LULU.O,Lululemon_Athletica_(LULU.O),USD,1,0
LYC.AX,Lynas_Corporation_(LYC.AX),USD,1,0
MNG.L,M&G_(MNG.L),EUR,1,0
MQG.AX,Macquarie_Grp_Ltd_(MQG.AX),USD,1,0
MFG.AX,Magellan_Fin._Grp._(MFG.AX),USD,1,0
MKS.L,Marks_and_Spencer__(MKS.L),EUR,1,0
VAC.N,Marriott_Vacations_(VAC.N),USD,1,0
MSLH.L,Marshalls_PLC_(MSLH.L),EUR,1,0
MAT.O,Mattel_Inc._(MAT.O),USD,1,0
MYX.AX,Mayne_Pharma_Ltd_(MYX.AX),USD,1,0
MMS.AX,McmillanShakespeare_(MMS.AX),USD,1,0
MPL.AX,Medibank_Private_(MPL.AX),USD,1,0
MDC.L,Mediclinic_Int._(MDC.L),EUR,1,0
MGGT.L,Meggitt_(MGGT.L),EUR,1,0
MRO.L,Melrose_(MRO.L),EUR,1,0
MELI.O,MercadoLibre_Inc_(MELI.O),USD,1,0
MRC.L,Mercantile_Inv_Trst_(MRC.L),EUR,1,0
MRK.DE,Merck_(MRK.DE),EUR,1,0
XME.P,Metals_&_Mining_(XME.P),USD,1,0
MTS.AX,Metcash_Ltd_(MTS.AX),USD,1,0
B4BD.DE,Metro_AG_(B4BD.DE),EUR,1,0
MSTR.O,MicroStrategy_(MSTR.O),USD,1,0
MDY.P,MidCap_400_ETF_(MDY.P),USD,1,0
MIN.AX,Mineral_Resources_(MIN.AX),USD,1,0
MGR.AX,Mirvac_Group_(MGR.AX),USD,1,0
MND.AX,Monadelphous_Group_(MND.AX),USD,1,0
MNDI.L,Mondi_(MNDI.L),EUR,1,0
MONY.L,Moneysupermarket_(MONY.L),EUR,1,0
MORN.O,Morningstar_Inc._(MORN.O),USD,1,0
MOR.DE,Morphosys_AG_(MOR.DE),EUR,1,0
MRW.L,Morrisons_(MRW.L),EUR,1,0
EWA.P,MSCI_Australia_ETF_(EWA.P),USD,1,0
EWH.P,MSCI_Hong_Kong_ETF_(EWH.P),USD,1,0
EIDO.P,MSCI_Indonesia_ETF_(EIDO.P),USD,1,0
NORW.P,MSCI_Norway_ETF_(NORW.P),USD,1,0
EPP.P,MSCI_Pacific_ex-JP_(EPP.P),USD,1,0
PAK.P,MSCI_Pakistan_ETF_(PAK.P),USD,1,0
EPHE.P,MSCI_Philippine_ETF_(EPHE.P),USD,1,0
PGAL.P,MSCI_Portugal_ETF_(PGAL.P),USD,1,0
EWS.P,MSCI_Singapore_ETF_(EWS.P),USD,1,0
EWY.P,MSCI_South_Korea_ETF_(EWY.P),USD,1,0
EZA.P,MSCI_Sth_Africa_ETF_(EZA.P),USD,1,0
MTX.DE,MTU_Aero_(MTX.DE),EUR,1,0
MUV.DE,Muenchen_Rueck_(MUV.DE),EUR,1,0
IGE.P,N.A_NatRes_ETF_(IGE.P),USD,1,0
NNOX.O,Nano_X_Imaging_(NNOX.O),USD,1,0
NAN.AX,Nanosonics_Ltd_(NAN.AX),USD,1,0
NAB.AX,Nat_Australia_Bank_(NAB.AX),USD,1,0
NEX.L,National_Express_(NEX.L),EUR,1,0
NG.L,National_Grid_(NG.L),EUR,1,0
NSR.AX,National_Storage_(NSR.AX),USD,1,0
NWG.L,Natwest_Group_(NWG.L),EUR,1,0
NEA.AX,Nearmap_Ltd_(NEA.AX),USD,1,0
NEM.DE,Nemetschek_SE_(NEM.DE),EUR,1,0
NWL.AX,Netwealth_Group_(NWL.AX),USD,1,0
NHC.AX,New_Hope_Corp._(NHC.AX),USD,1,0
NCM.AX,Newcrest_Mining_(NCM.AX),USD,1,0
NWS.AX,News_Corp_Class_B_(NWS.AX),USD,1,0
NXT.L,Next_(NXT.L),EUR,1,0
NXT.AX,NEXTDC_Ltd_(NXT.AX),USD,1,0
NHF.AX,Nib_Holdings_Ltd_(NHF.AX),USD,1,0
NEC.AX,Nine_Entertainment_(NEC.AX),USD,1,0
NST.AX,Northern_Star_(NST.AX),USD,1,0
NVAX.O,Novavax_(NVAX.O),USD,1,0
NWH.AX,NRW_Holdings_Ltd_(NWH.AX),USD,1,0
NUF.AX,Nufarm_(NUF.AX),USD,1,0
OCDO.L,Ocado_Group_(OCDO.L),EUR,1,0
OSH.AX,Oil_Search_Ltd_(OSH.AX),USD,1,0
XOP.P,OilGas_Exp_&_Prod_(XOP.P),USD,1,0
OML.AX,Ooh!Media_Ltd_(OML.AX),USD,1,0
ORI.AX,Orica_Ltd_(ORI.AX),USD,1,0
ORG.AX,Origin_Energy_Ltd_(ORG.AX),USD,1,0
ORE.AX,Orocobre_Ltd_(ORE.AX),USD,1,0
ORA.AX,Orora_Ltd_(ORA.AX),USD,1,0
OSR.DE,OSRAM_Licht_AG_(OSR.DE),EUR,1,0
OZL.AX,OZ_Minerals_(OZL.AX),USD,1,0
PSON.L,Pearson_(PSON.L),EUR,1,0
PDL.AX,Pendal_Group_Ltd_(PDL.AX),USD,1,0
PNN.L,Pennon_Group_(PNN.L),EUR,1,0
PRN.AX,Perenti_Global_Ltd_(PRN.AX),USD,1,0
PPT.AX,Perpetual_Ltd_(PPT.AX),USD,1,0
PSN.L,Persimmon_(PSN.L),EUR,1,0
PETS.L,Pets_at_Home_Grp_(PETS.L),EUR,1,0
XPH.P,Pharmaceuticals_ETF_(XPH.P),USD,1,0
PHNX.L,Phoenix_Grp_Hldg_(PHNX.L),EUR,1,0
AAAU.P,Physical_Gold_ETF_(AAAU.P),USD,1,0
PLS.AX,Pilbara_Min_Limited_(PLS.AX),USD,1,0
PTM.AX,Platinum_Asset_Mgt_(PTM.AX),USD,1,0
PLUS.L,Plus500_Ltd_(PLUS.L),EUR,1,0
PCT.L,Polar_Cap_Tech_Trst__(PCT.L),EUR,1,0
POLY.L,Polymetal_(POLY.L),EUR,1,0
PNV.AX,Polynovo_Ltd_(PNV.AX),USD,1,0
PPK.AX,PPK_Group_Limited_(PPK.AX),USD,1,0
PMV.AX,Premier_Investments_(PMV.AX),USD,1,0
PME.AX,Pro_Medicus_Ltd_(PME.AX),USD,1,0
PSM.DE,ProSiebenSat1_Media_(PSM.DE),EUR,1,0
PRU.L,Prudential_(PRU.L),EUR,1,0
PUM.DE,Puma_SE_(PUM.DE),EUR,1,0
QAN.AX,Qantas_Airways_Ltd_(QAN.AX),USD,1,0
QBE.AX,QBE_Insurance_Grp_(QBE.AX),USD,1,0
QIAD.DE,Qiagen_N.V._(QIAD.DE),EUR,1,0
QQ.L,QinetiQ_Group_PLC_(QQ.L),EUR,1,0
QUB.AX,QUBE_Holdings_Ltd_(QUB.AX),USD,1,0
QLT.L,Quilter_PLC_(QLT.L),EUR,1,0
RHC.AX,Ramsay_Health_Care_(RHC.AX),USD,1,0
RAA.DE,Rational_AG_(RAA.DE),EUR,1,0
REA.AX,REA_Group_(REA.AX),USD,1,0
RB.L,Reckitt_Benckiser_(RB.L),EUR,1,0
RRL.AX,Regis_Resources_(RRL.AX),USD,1,0
RWC.AX,Reliance_Worldwide_(RWC.AX),USD,1,0
REL.L,RELX_PLC_(REL.L),EUR,1,0
IPO.P,Renaissance_IPO_ETF_(IPO.P),USD,1,0
TRIG.L,Renewables_Infras_(TRIG.L),EUR,1,0
RTO.L,Rentokil_Initial_(RTO.L),EUR,1,0
RMD.AX,Resmed_Inc_(RMD.AX),USD,1,0
RSG.AX,Resolute_Mining_(RSG.AX),USD,1,0
XRT.P,Retail_ETF_(XRT.P),USD,1,0
KRE.P,Rgnl._Banking_ETF_(KRE.P),USD,1,0
RHM.DE,Rheinmetall_AG_(RHM.DE),EUR,1,0
RMV.L,Rightmove_(RMV.L),EUR,1,0
RIO.AX,Rio_Tinto_Ltd_(RIO.AX),USD,1,0
RIO.L,Rio_Tinto_PLC_(RIO.L),EUR,1,0
RCP.L,RIT_Capital_Prtnrs__(RCP.L),EUR,1,0
RIVN.O,Rivian_(RIVN.O),USD,1,0
RKLB.O,Rocket_Lab_(RKLB.O),USD,1,0
ROKU.O,Roku_(ROKU.O),USD,1,0
RR.L,Rolls-Royce_(RR.L),EUR,1,0
ROR.L,Rotork_PLC_(ROR.L),EUR,1,0
RDSA.L,Royal_Dutch_Shell_(RDSA.L),EUR,1,0
RMG.L,Royal_Mail_PLC_(RMG.L),EUR,1,0
RTL.DE,RTL_Group_SA_(RTL.DE),EUR,1,0
IWM.P,Russell_2000_ETF_(IWM.P),USD,1,0
RWE.DE,RWE_AG_(RWE.DE),EUR,1,0
SAFE.L,Safestore_Holdings_(SAFE.L),EUR,1,0
SGE.L,Sage_Group_(SGE.L),EUR,1,0
SBRY.L,Sainsbury_(SBRY.L),EUR,1,0
SFR.AX,Sandfire_Resources_(SFR.AX),USD,1,0
STO.AX,Santos_Ltd_(STO.AX),USD,1,0
SAP.DE,SAP_(SAP.DE),EUR,1,0
SRT.DE,Sartorius_AG_(SRT.DE),EUR,1,0
SVS.L,Savills_PLC_(SVS.L),EUR,1,0
SCP.AX,SCA_Property_Group_(SCP.AX),USD,1,0
SCG.AX,Scentre_Group_(SCG.AX),USD,1,0
SDR.L,Schroders_(SDR.L),EUR,1,0
SMT.L,Scottish_Mtge_IT_(SMT.L),EUR,1,0
SSE.L,Scottish_South_Nrg_(SSE.L),EUR,1,0
G24.DE,Scout24_AG_(G24.DE),EUR,1,0
SE.N,Sea_Limited_(SE.N),USD,1,0
SEK.AX,Seek_Ltd_(SEK.AX),USD,1,0
SGRO.L,SEGRO_(SGRO.L),EUR,1,0
SEQI.L,Sequoia_Economic_IF_(SEQI.L),EUR,1,0
SRP.L,Serco_Group_PLC_(SRP.L),EUR,1,0
SSM.AX,Service_Stream_(SSM.AX),USD,1,0
SVW.AX,Seven_Group_Hldgs_(SVW.AX),USD,1,0
SVT.L,Severn_Trent_(SVT.L),EUR,1,0
SHB.L,Shaftesbury_PLC_(SHB.L),EUR,1,0
SIE.DE,Siemens_AG_(SIE.DE),EUR,1,0
SHL.DE,Siemens_Hlthnrs_(SHL.DE),EUR,1,0
WAF.DE,Siltronic_AG_(WAF.DE),EUR,1,0
SLR.AX,Silver_Lake_Res_(SLR.AX),USD,1,0
SGM.AX,Sims_Metal_Mgt_Ltd_(SGM.AX),USD,1,0
SKC.AX,Skycity_Ent_Grp_Ltd_(SKC.AX),USD,1,0
SIQ.AX,Smartgroup_Corp._(SIQ.AX),USD,1,0
SN.L,Smith_&_Nephew_(SN.L),EUR,1,0
SMIN.L,Smiths_Group_(SMIN.L),EUR,1,0
SSON.L,Smithson_Inv._Trust_(SSON.L),EUR,1,0
SKG.L,Smurfit_Kappa_Grp_(SKG.L),EUR,1,0
SNOW.N,Snowflake_Inc_(SNOW.N),USD,1,0
BUZZ.P,Social_Sentimnt_ETF_(BUZZ.P),USD,1,0
SCT.L,Softcat_PLC_(SCT.L),EUR,1,0
SOW.DE,Software_AG_(SOW.DE),EUR,1,0
SHL.AX,Sonic_Healthcare_(SHL.AX),USD,1,0
S32.AX,South32_Ltd_(S32.AX),USD,1,0
SKI.AX,Spark_Infra._(SKI.AX),USD,1,0
SPK.AX,Spark_New_Zealand_(SPK.AX),USD,1,0
DIA.P,SPDR_DJ_Ind._Avg._(DIA.P),USD,1,0
SXS.L,Spectris_PLC_(SXS.L),EUR,1,0
SPX.L,Spirax_Sarco_Eng_(SPX.L),EUR,1,0
SQ.N,Square_Inc_(SQ.N),USD,1,0
SBM.AX,ST_Barbara_Ltd_(SBM.AX),USD,1,0
STJ.L,St_James's_Place_(STJ.L),EUR,1,0
STAN.L,Standard_Chtd_(STAN.L),EUR,1,0
SLA.L,Std_Life_Aberdeen_(SLA.L),EUR,1,0
SDF.AX,Steadfast_Group_Ltd_(SDF.AX),USD,1,0
SXL.AX,STHN_Cross_Media_(SXL.AX),USD,1,0
SGP.AX,Stockland_Corp_Ltd_(SGP.AX),USD,1,0
SAX.DE,Stroer_SE_&_Co._(SAX.DE),EUR,1,0
SUN.AX,Suncorp_Group_(SUN.AX),USD,1,0
SUL.AX,Super_Retail_Group_(SUL.AX),USD,1,0
SYD.AX,Sydney_Airport_(SYD.AX),USD,1,0
SY1.DE,Symrise_AG_(SY1.DE),EUR,1,0
SYNC.L,Syncona_Limited_(SYNC.L),EUR,1,0
SYNT.L,Synthomer_PLC_(SYNT.L),EUR,1,0
TAH.AX,Tabcorp_Hldgs_Ltd_(TAH.AX),USD,1,0
TEG.DE,TAG_Immobilien_AG_(TEG.DE),EUR,1,0
TGR.AX,Tassal_Group_Ltd_(TGR.AX),USD,1,0
TATE.L,Tate_&_Lyle_PLC_(TATE.L),EUR,1,0
TW.L,Taylor_Wimpey_(TW.L),EUR,1,0
TMVD.DE,TeamViewer_AG_(TMVD.DE),EUR,1,0
TNE.AX,Technology_One_(TNE.AX),USD,1,0
O2D.DE,Telefonica_DE_HLdgs_(O2D.DE),EUR,1,0
TLS.AX,Telstra_Corp_Ltd_(TLS.AX),USD,1,0
TEM.L,Templeton_Emg_Mkt_(TEM.L),EUR,1,0
TSCO.L,Tesco_(TSCO.L),EUR,1,0
A2M.AX,The_a2_Milk_Company_(A2M.AX),USD,1,0
MNKS.L,The_Monks_Inv_Trust_(MNKS.L),EUR,1,0
SGR.AX,The_Star_Ent_Group_(SGR.AX),USD,1,0
UTG.L,The_Unite_Group_PLC_(UTG.L),EUR,1,0
TKA.DE,Thyssenkrupp_AG_(TKA.DE),EUR,1,0
TIFS.L,TI_Fluid_Systems_(TIFS.L),EUR,1,0
TCAP.L,TP_ICAP_Group_plc_(TCAP.L),EUR,1,0
TPG.AX,TPG_Telecom_Ltd_(TPG.AX),USD,1,0
TPK.L,Travis_Perkins_PLC_(TPK.L),EUR,1,0
TWE.AX,Treasury_Wine_Est_(TWE.AX),USD,1,0
TUP.N,Tupperware_(TUP.N),USD,1,0
UDG.L,UDG_Healthcare_PLC_(UDG.L),EUR,1,0
PATH.K,UiPath_(PATH.K),USD,1,0
ULE.L,Ultra_Electronic_(ULE.L),EUR,1,0
A,Under_Armour_(A)_(UAA.N),USD,1,0
C,Under_Armour_(C)_(UA.N),USD,1,0
ULVR.L,Unilever_PLC_(ULVR.L),EUR,1,0
UN01D.DE,Uniper_SE_(UN01D.DE),EUR,1,0
URW.AX,Uni-Rod-Westfield_(URW.AX),USD,1,0
UTDID.DE,United_Internet_AG_(UTDID.DE),EUR,1,0
UU.L,United_Utilities_(UU.L),EUR,1,0
UPST.O,Upstart_(UPST.O),USD,1,0
IYR.P,US_Real_Est_ETF_(IYR.P),USD,1,0
VDC.P,Van_Cons_Staples_ETF_(VDC.P),USD,1,0
MOO.P,VanEck_Agribusiness_(MOO.P),USD,1,0
VPU.P,Vanguard_Util_ETF_(VPU.P),USD,1,0
VAR1D.DE,Varta_AG_(VAR1D.DE),EUR,1,0
VCX.AX,Vicinity_Centres_(VCX.AX),USD,1,0
VMUK.L,Virgin_Money_UK_PLC_(VMUK.L),EUR,1,0
VUK.AX,Virgin_Money_UK_PLC_(VUK.AX),USD,1,0
VTY.L,Vistry_Group_PLC_(VTY.L),EUR,1,0
VEA.AX,Viva_Energy_Group_(VEA.AX),USD,1,0
VOC.AX,Vocus_Group_Ltd_(VOC.AX),USD,1,0
VOD.L,Vodafone_(VOD.L),EUR,1,0
VOW.DE,Volkswagen_(VOW.DE),EUR,1,0
VNA.DE,Vonovia_SE_(VNA.DE),EUR,1,0
SOL.AX,W.H_Soul_Pattinson_(SOL.AX),USD,1,0
WPR.AX,Waypoint_(WPR.AX),USD,1,0
WEB.AX,Webjet_Ltd_(WEB.AX),USD,1,0
WES.AX,Wesfarmers_Ltd_(WES.AX),USD,1,0
WSA.AX,Western_Areas_Ltd_(WSA.AX),USD,1,0
WBC.AX,Westpac_Banking_(WBC.AX),USD,1,0
SMWH.L,WH_Smith_PLC_(SMWH.L),EUR,1,0
WTB.L,Whitbread_(WTB.L),EUR,1,0
WHC.AX,Whitehaven_Coal_(WHC.AX),USD,1,0
WTC.AX,Wisetech_Global_Ltd_(WTC.AX),USD,1,0
WIX.O,Wix.com_Ltd_(WIX.O),USD,1,0
WIZZ.L,Wizz_Air_Holdings_(WIZZ.L),EUR,1,0
WPL.AX,Woodside_Petroleum_(WPL.AX),USD,1,0
WOW.AX,Woolworths_Group_(WOW.AX),USD,1,0
WWH.L,Worldwide_Healthcare_(WWH.L),EUR,1,0
WOR.AX,Worleyparsons_Ltd_(WOR.AX),USD,1,0
WPP.L,WPP_(WPP.L),EUR,1,0
XRO.AX,Xero_Ltd_(XRO.AX),USD,1,0
XRX.N,Xerox_(XRX.N),USD,1,0
XPEV.K,XPeng_Inc_(XPEV.K),USD,1,0
YELP.N,Yelp_(YELP.N),USD,1,0
YUM.N,Yum_Brands_Inc_(YUM.N),USD,1,0
ZAL.DE,Zalando_SE_(ZAL.DE),EUR,1,0
Z1P.AX,ZipMoney_Limited_(Z1P.AX),USD,1,0
ZI.O,ZoomInfo_Technologies_(ZI.O),USD,1,0
LUNAUSD,LUNAUSD,USD,10,0
VMW.N,VMware_(VMW.N),USD,1,0
GLB.L,Glanbia_(GLB.L),EUR,1,0
BIRG.L,Bank_of_Ireland_(BIRG.L),EUR,1,0
AIBG.L,AIB_(AIBG.L),EUR,1,0
MBG.DE,Mercedes_Benz_(MBG.DE),EUR,1,0
FGP.L,FirstGroup_(FGP.L),EUR,1,0
RDW.L,Redrow__(RDW.L),EUR,1,0
GOG.L,Go-Ahead_Group_plc_(GOG.L),EUR,1,0
BOOH.L,Boohoo_(BOOH.L),EUR,1,0
THG.L,THG_PLC_(THG.L),EUR,1,0
SPWR.O,Sunpower_(SPWR.O),USD,1,0
STNE.O,Stoneco_Ltd_(STNE.O),USD,1,0
BOO.L,Boohoo_(BOO.L),EUR,1,0
NVTA.N,Invitae_(NVTA.N),USD,1,0
P911.DE,Porsche_(P911.DE),EUR,1,0
Led,Led,USD,1,0
IT40,IT40,USD,1,0
AEX,AEX,USD,1,0
WIG20,WIG20,USD,1,0
SMI,SMI,USD,1,0
XBRUSD,XBRUSD,PIPS,100,0
XTIUSD,XTIUSD,PIPS,100,0
OrangeJuice,OrangeJuice,USD,20,0
DASHUSD,DASHUSD,USD,1,0
Ripple,Ripple,USD,100,0
BitcoinCash,BitcoinCash,USD,1,0
LondonSugar,LondonSugar,USD,1,0
CAN20,CAN20,USD,1,0
LIT15,LIT15,USD,1,0
FIN30,FIN30,USD,1,0
CNI30,CNI30,USD,1,0
BIO30,BIO30,USD,1,0
FNG10,FNG10,USD,1,0
GRN30,GRN30,USD,1,0
LAT30,LAT30,USD,1,0
ETHBTC,ETHBTC,USD,1000,0
EURUSDW,EURUSDW,USD,100000,0
GBPUSDW,GBPUSDW,USD,100000,0
AUDUSDW,AUDUSDW,POINTS,100000,0
USDJPYW,USDJPYW,USD,100,0
USDCADW,USDCADW,USD,100000,0
USDSGDW,USDSGDW,USD,100000,0
USDCHFW,USDCHFW,USD,100000,0
TWTR.N,Twitter_Inc_(TWTR.N),USD,1,0
XAUBTC,XAUBTC,USD,1000,0
CRH.L,CRH_(CRH.L),EUR,1,0
GPRO.O,GoPro_Inc_(GPRO.O),USD,1,0
KGN.AX,Kogan_(KGN.AX),USD,1,0
VCT.L,Victrex_PLC_(VCT.L),EUR,1,0
PRNT.P,3D_Printing_ETF_(PRNT.P),USD,1,0
III.L,3i_Group_(III.L),EUR,1,0
ARL.DE,Aareal_Bank_AG_(ARL.DE),EUR,1,0
ABP.AX,Abacus_Property_Grp_(ABP.AX),USD,1,0
ABC.AX,Adelaide_Brighton_(ABC.AX),USD,1,0
ADS.DE,Adidas_(ADS.DE),EUR,1,0
ADM.L,Admiral_Group_(ADM.L),EUR,1,0
AGL.AX,AGL_Energy_Ltd_(AGL.AX),USD,1,0
AIXA.DE,Aixtron_SE_(AIXA.DE),EUR,1,0
AJB.L,AJ_Bell_PLC_(AJB.L),EUR,1,0
BIRD.O,Allbirds_(BIRD.O),USD,1,0
ATST.L,Alliance_Trust_PLC_(ATST.L),EUR,1,0
ALV.DE,Allianz_SE_(ALV.DE),EUR,1,0
ALQ.AX,ALS_Limited_(ALQ.AX),USD,1,0
AOX.DE,Alstria_Office_REIT_(AOX.DE),EUR,1,0
ALU.AX,Altium_Ltd_(ALU.AX),USD,1,0
AWC.AX,Alumina_Ltd_(AWC.AX),USD,1,0
AMC.AX,Amcor_CDI_(AMC.AX),USD,1,0
AMP.AX,AMP_Ltd_(AMP.AX),USD,1,0
ALD.AX,Ampol_Ltd_(ALD.AX),USD,1,0
AAL.L,Anglo_American_(AAL.L),EUR,1,0
ANN.AX,Ansell_Ltd_(ANN.AX),USD,1,0
ANTO.L,Antofagasta_(ANTO.L),EUR,1,0
ANZ.AX,ANZ_Banking_Group_(ANZ.AX),USD,1,0
APE.AX,AP_Eagers_Pty_Ltd_(APE.AX),USD,1,0
APA.AX,APA_Group_(APA.AX),USD,1,0
APX.AX,Appen_Limited_(APX.AX),USD,1,0
ARB.AX,ARB_Corporation_(ARB.AX),USD,1,0
ALL.AX,Aristocrat_Leisure_(ALL.AX),USD,1,0
ARKF.P,ARK_Fintech_ETF_(ARKF.P),USD,1,0
ARKG.Z,ARK_Genomic_Rev._(ARKG.Z),USD,1,0
ARKK.P,ARK_Innovation_ETF_(ARKK.P),USD,1,0
ARKX.K,ARK_Space_Innov_ETF_(ARKX.K),USD,1,0
ARKW.P,Ark_Web_x.0_ETF_(ARKW.P),USD,1,0
AT1D.DE,Aroundtown_S.A._(AT1D.DE),EUR,1,0
ASHM.L,Ashmore_Group_PLC_(ASHM.L),EUR,1,0
AHT.L,Ashtead_Group_(AHT.L),EUR,1,0
ABF.L,Asso_British_Foods_(ABF.L),EUR,1,0
AGR.L,Assura_PLC_(AGR.L),EUR,1,0
AZN.L,AstraZeneca_(AZN.L),EUR,1,0
ASX.AX,ASX_Ltd_(ASX.AX),USD,1,0
ALX.AX,Atlas_Arteria_(ALX.AX),USD,1,0
AZJ.AX,Aurizon_Hldgs_Ltd_(AZJ.AX),USD,1,0
NDA.DE,Aurubis_AG_(NDA.DE),EUR,1,0
AST.AX,AusNet_Services_Ltd_(AST.AX),USD,1,0
ASB.AX,Austal_Ltd_(ASB.AX),USD,1,0
AUTO.L,Auto_Trader_Group_(AUTO.L),POINTS,1,0
AVV.L,Aveva_Group_(AVV.L),EUR,1,0
CAR.O,Avis_(CAR.O),USD,1,0
AVH.AX,Avita_Medical_(AVH.AX),USD,1,0
AV.L,Aviva_(AV.L),EUR,1,0
BATS.L,BA_Tobacco_(BATS.L),EUR,1,0
BAB.L,Babcock_Int._Grp_(BAB.L),EUR,1,0
BA.L,BAE_Systems_(BA.L),EUR,1,0
BBY.L,Balfour_Beatty_PLC_(BBY.L),EUR,1,0
KBE.P,Bank_ETF_(KBE.P),USD,1,0
BOQ.AX,Bank_of_Queensland_(BOQ.AX),USD,1,0
BAP.AX,Bapcor_Ltd_(BAP.AX),USD,1,0
BARC.L,Barclays_(BARC.L),EUR,1,0
BDEV.L,Barratt_Dvlpmts_(BDEV.L),EUR,1,0
BAS.DE,BASF_SE_(BAS.DE),EUR,1,0
BAYN.DE,Bayer_AG_(BAYN.DE),EUR,1,0
BPT.AX,Beach_Energy_Ltd_(BPT.AX),USD,1,0
BEZ.L,Beazley_PLC_(BEZ.L),EUR,1,0
BC8.DE,Bechtle_AG_(BC8.DE),EUR,1,0
BGA.AX,Bega_Cheese_Ltd_(BGA.AX),USD,1,0
BEI.DE,Beiersdorf_(BEI.DE),EUR,1,0
BWY.L,Bellway_PLC_(BWY.L),EUR,1,0
BEN.AX,Bendigo_&_Adel._Bnk_(BEN.AX),USD,1,0
BKG.L,Berkeley_Group_(BKG.L),EUR,1,0
CRYP.AX,Betashares_Crypto_(CRYP.AX),USD,1,0
BHP.AX,BHP_Group_Ltd_(BHP.AX),USD,1,0
BHP.L,BHP_Group_PLC_(BHP.L),EUR,1,0
BYG.L,Big_Yellow_Group_PLC_(BYG.L),EUR,1,0
BIN.AX,Bingo_Industries_(BIN.AX),USD,1,0
BNTX.O,BioNTech_(BNTX.O),USD,1,0
XBI.P,Biotech_ETF_(XBI.P),USD,1,0
BKL.AX,Blackmores_Ltd_(BKL.AX),USD,1,0
BSL.AX,BlueScope_Steel_Ltd_(BSL.AX),USD,1,0
BMW.DE,BMW_(BMW.DE),EUR,1,0
BOY.L,Bodycote_PLC_(BOY.L),EUR,1,0
BLD.AX,Boral_Ltd_(BLD.AX),USD,1,0
BP.L,BP_(BP.L),EUR,1,0
BXB.AX,Brambles_Ltd_(BXB.AX),USD,1,0
BVS.AX,Bravura_Solution_(BVS.AX),USD,1,0
BNR.DE,Brenntag_AG_(BNR.DE),EUR,1,0
BRG.AX,Breville_Group_Ltd_(BRG.AX),USD,1,0
BKW.AX,Brickworks_Ltd_(BKW.AX),USD,1,0
BLND.L,British_Land_(BLND.L),EUR,1,0
BVIC.L,Britvic_PLC_(BVIC.L),EUR,1,0
BTA.L,BT_Group_(BTA.L),EUR,1,0
EURUSD,EURUSD,PIPS,100000,0.0001
GBPUSD,GBPUSD,PIPS,100000,0.0001
USDJPY,USDJPY,PIPS,100000,0.01
AUDUSD,AUDUSD,PIPS,100000,0.0001
USDCHF,USDCHF,PIPS,100000,0.0001
USDCAD,USDCAD,PIPS,100000,0.0001
GBPAUD,GBPAUD,PIPS,100000,0.0001
GBPCHF,GBPCHF,PIPS,100000,0.0001
AUDCAD,AUDCAD,PIPS,100000,0.0001
AUDNZD,AUDNZD,PIPS,100000,0.0001
AUDCHF,AUDCHF,PIPS,100000,0.0001
EURGBP,EURGBP,PIPS,100000,0.0001
EURCHF,EURCHF,PIPS,100000,0.0001
EURAUD,EURAUD,PIPS,100000,0.0001
AUDSGD,AUDSGD,POINTS,100000,0.0001
NZDUSD,NZDUSD,PIPS,100000,0.0001
EURJPY,EURJPY,PIPS,100000,0.01
GBPJPY,GBPJPY,PIPS,100000,0.01
AUDJPY,AUDJPY,PIPS,100000,0.01
CHFJPY,CHFJPY,PIPS,100000,0.01
CADJPY,CADJPY,PIPS,100000,0.01
NZDJPY,NZDJPY,PIPS,100000,0.01
CADCHF,CADCHF,PIPS,100000,0.0001
EURCAD,EURCAD,PIPS,100000,0.0001
EURNZD,EURNZD,PIPS,100000,0.0001
GBPCAD,GBPCAD,PIPS,100000,0.0001
GBPNZD,GBPNZD,PIPS,100000,0.0001
NZDCAD,NZDCAD,PIPS,100000,0.0001
NZDCHF,NZDCHF,PIPS,100000,0.0001
SGDJPY,SGDJPY,PIPS,100000,0.01
USDNOK,USDNOK,USD,100000,0.0001
USDMXN,USDMXN,USD,100000,0.0001
USDSGD,USDSGD,USD,100000,0.0001
USDSEK,USDSEK,USD,100000,0.0001
EURSEK,EURSEK,USD,100000,0.0001
GBPSGD,GBPSGD,USD,100000,0.0001
EURNOK,EURNOK,USD,100000,0.0001
EURHUF,EURHUF,USD,100000,0.01
USDPLN,USDPLN,USD,100000,0.0001
USDDKK,USDDKK,USD,100000,0.0001
GBPNOK,GBPNOK,USD,100000,0.0001
CHFSGD,CHFSGD,USD,100000,0.0001
EURCZK,EURCZK,USD,100000,0.0001
USDBRL,USDBRL,USD,100000,0.0001
EURPLN,EURPLN,USD,100000,0.0001
USDIDR,USDIDR,USD,100000,1
EURSGD,EURSGD,USD,100000,0.0001
EURTRY,EURTRY,USD,100000,0.0001
EURZAR,EURZAR,USD,100000,0.0001
GBPDKK,GBPDKK,USD,100000,0.0001
GBPSEK,GBPSEK,USD,100000,0.0001
GBPTRY,GBPTRY,USD,100000,0.0001
NOKJPY,NOKJPY,PIPS,100000,0.01
NOKSEK,NOKSEK,USD,100000,0.0001
SEKJPY,SEKJPY,PIPS,100000,0.01
USDCZK,USDCZK,USD,100000,0.0001
USDHKD,USDHKD,USD,100000,0.0001
USDTRY,USDTRY,USD,100000,0.0001
USDZAR,USDZAR,USD,100000,0.0001
EURMXN,EURMXN,USD,100000,0.0001
USDHUF,USDHUF,USD,100000,0.01
USDCNH,USDCNH,USD,100000,0.0001
USDTHB,USDTHB,USD,100000,0.0001
ZARJPY,ZARJPY,PIPS,100000,0.01
GBPMXN,GBPMXN,USD,100000,0.0001
USDINR,USDINR,USD,100000,0.01
USDKRW,USDKRW,USD,100000,0.1
USDCLP,USDCLP,USD,100000,0.1
USDCOP,USDCOP,USD,100000,0.1
USDTWD,USDTWD,USD,100000,0.01
AUDDKK,AUDDKK,POINTS,100000,0.0001
AUDHUF,AUDHUF,POINTS,100000,0.01
AUDNOK,AUDNOK,POINTS,100000,0.0001
AUDPLN,AUDPLN,POINTS,100000,0.0001
CADMXN,CADMXN,USD,100000,0.0001
CADSGD,CADSGD,USD,100000,0.0001
CHFDKK,CHFDKK,USD,100000,0.0001
CHFHUF,CHFHUF,USD,100000,0.01
CHFNOK,CHFNOK,USD,100000,0.0001
CHFPLN,CHFPLN,USD,100000,0.0001
CHFSEK,CHFSEK,USD,100000,0.0001
EURCNH,EURCNH,USD,100000,0.0001
EURDKK,EURDKK,USD,100000,0.0001
GBPCNH,GBPCNH,USD,100000,0.0001
GBPHUF,GBPHUF,USD,100000,0.01
MXNJPY,MXNJPY,PIPS,100000,0.0001
NZDCNH,NZDCNH,USD,100000,0.0001
NZDHUF,NZDHUF,USD,100000,0.01
NZDSGD,NZDSGD,USD,100000,0.0001
BWPUSD,BWPUSD,PIPS,100000,0.001
EURILS,EURILS,USD,100000,0.0001
USDILS,USDILS,USD,100000,0.0001
USDRON,USDRON,USD,100000,0.0001
XAUUSD,XAUUSD,PIPS,100,0.1
XAGUSD,XAGUSD,PIPS,5000,0.01
XAGEUR,XAGEUR,PIPS,5000,0.01
XAUEUR,XAUEUR,PIPS,100,0.1
XPDUSD,XPDUSD,PIPS,100,0.1
XPTUSD,XPTUSD,PIPS,100,0.1
XAUAUD,XAUAUD,PIPS,100,0.1
XAUCHF,XAUCHF,PIPS,100,0.1
XAUGBP,XAUGBP,PIPS,100,0.1
XAGAUD,XAGAUD,PIPS,5000,0.01
XAUJPY,XAUJPY,PIPS,100,1
Copper,Copper,USD,2000,0.001
XAGSGD,XAGSGD,USD,5000,0.01
XAUCNH,XAUCNH,USD,100,0.01
XAUSGD,XAUSGD,USD,100,0.01
XAUTHB,XAUTHB,USD,100,0.01
SpotBrent,SpotBrent,USD,100,0.01
SpotCrude,SpotCrude,USD,100,0.01
NatGas,NatGas,USD,10000,0.01
Gasoline,Gasoline,USD,1000,0.001
AUS200,AUS200,POINTS,1,1
EUSTX50,EUSTX50,USD,1,1
FRA40,FRA40,USD,1,1
GER40,GER40,POINTS,1,1
HK50,HK50,USD,1,1
JPN225,JPN225,POINTS,100,1
SPA35,SPA35,USD,1,1
UK100,UK100,POINTS,1,1
US2000,US2000,POINTS,1,1
US500,US500,POINTS,1,1
NAS100,NAS100,POINTS,1,1
US30,US30,POINTS,1,1
CN50,CN50,USD,1,1
SCI25,SCI25,USD,1,1
VIX,VIX,USD,1,0.1
CA60,CA60,USD,1,0.1
CHINAH,CHINAH,USD,1,0.1
NETH25,NETH25,USD,1,0.1
SWI20,SWI20,USD,1,0.1
GERTEC30,GERTEC30,POINTS,1,0.1
Sugar,Sugar,USD,100,0.01
Coffee,Coffee,USD,10,0.1
Cotton,Cotton,USD,100,0.01
Cocoa,Cocoa,USD,1,1
Wheat,Wheat,USD,1,1
Soybeans,Soybeans,USD,1,1
LDSugar,LDSugar,USD,1,1
Corn,Corn,USD,100,0.001
Cattle,Cattle,USD,1000,0.0001
Aluminium,Aluminium,USD,1,0.01
Nickel,Nickel,USD,1,0.01
Lead,Lead,USD,1,0.01
Zinc,Zinc,USD,1,0.01
BTCUSD,BTCUSD,PIPS,1,0.1
ETHUSD,ETHUSD,PIPS,1,0.1
LTCUSD,LTCUSD,PIPS,1,0.1
BCHUSD,BCHUSD,PIPS,1,0.1
DOTUSD,DOTUSD,PIPS,10,0.01
LINKUSD,LINKUSD,USD,10,0.01
XLMUSD,XLMUSD,PIPS,100,0.001
XRPUSD,XRPUSD,PIPS,100,0.001
UNIUSD,UNIUSD,PIPS,10,0.01
DOGEUSD,DOGEUSD,USD,1000,0.0001
ADAUSD,ADAUSD,PIPS,100,0.001
BNBUSD,BNBUSD,PIPS,1,0.1
XTZUSD,XTZUSD,PIPS,100,0.001
MATICUSD,MATICUSD,USD,100,0.001
SOLUSD,SOLUSD,PIPS,1,0.1
AVAXUSD,AVAXUSD,USD,10,0.01
COMPUSD,COMPUSD,USD,1,0.01
ETCUSD,ETCUSD,PIPS,1,0.01
GLMRUSD,GLMRUSD,USD,1,0.0001
KSMUSD,KSMUSD,PIPS,1,0.01
BTCAUD,BTCAUD,PIPS,1,0.1
ETHAUD,ETHAUD,PIPS,1,0.1
Crypto10,Crypto10,USD,1,1
BTCGBP,BTCGBP,PIPS,1,0.1
Crypto20,Crypto20,USD,1,1
ETHGBP,ETHGBP,PIPS,1,0.1
Crypto30,Crypto30,USD,1,1
BTCEUR,BTCEUR,PIPS,1,0.1
TRUMPUSD,TRUMPUSD,USD,10,0.01
POLUSD,POLUSD,PIPS,100,0.001
SONUSD,SONUSD,PIPS,1000,0.0001
HBARUSD,HBARUSD,USD,1000,0.001
SUIUSD,SUIUSD,PIPS,100,0.01
TONUSD,TONUSD,PIPS,100,0.01
APTUSD,APTUSD,PIPS,100,0.01
HYPEUSD,HYPEUSD,USD,10,0.1
INJUSD,INJUSD,PIPS,100,0.1
RENDERUSD,RENDERUSD,USD,100,0.01
FETUSD,FETUSD,PIPS,1000,0.001
USDX,USDX,USD,100,0.01
EURX,EURX,USD,100,1
JPYX,JPYX,POINTS,100,1
CCL.GB,CCL.GB,USD,1,0.001
SMDS.GB,SMDS.GB,USD,1,0.001
BVIC.GB,BVIC.GB,USD,1,0.001
VMUK.GB,VMUK.GB,USD,1,0.001
COPd.DE,COPd.DE,EUR,1,0.1
ANSS.US,ANSS.US,USD,1,0.1
HL.GB,HL.GB,USD,1,0.001
B4Bd.DE,B4Bd.DE,EUR,1,0.1
WG.GB,WG.GB,USD,1,0.001
TIFS.GB,TIFS.GB,USD,1,0.001
DLG.GB,DLG.GB,USD,1,0.001
DARK.GB,DARK.GB,USD,1,0.001
DEG.AU,DEG.AU,USD,1,0.01
HES.US,HES.US,USD,1,0.1
JNPR.US,JNPR.US,USD,1,0.1
PARA.US,PARA.US,USD,1,0.1
DHG.AU,DHG.AU,USD,1,0.01
BKW.AU,BKW.AU,USD,1,0.01
GOR.AU,GOR.AU,USD,1,0.01
SOL.AU,SOL.AU,USD,1,0.01
FL.US,FL.US,USD,1,0.1
AGR.GB,AGR.GB,USD,1,0.001
0941.HK,0941.HK,USD,1,0.01
0883.HK,0883.HK,USD,1,0.01
0728.HK,0728.HK,USD,1,0.01
0981.HK,0981.HK,USD,1,0.01
SXS.GB,SXS.GB,USD,1,0.001
HBI.US,HBI.US,USD,1,0.1
IPG.US,IPG.US,USD,1,0.1
K.US,K.US,USD,1,0.1
GER40-F,GER40-F,POINTS,1,1
HK50-F,HK50-F,USD,1,1
JPN225-F,JPN225-F,POINTS,1,1
UK100-F,UK100-F,POINTS,1,1
US30-F,US30-F,POINTS,1,1
NAS100-F,NAS100-F,USD,1,0.1
US500-F,US500-F,POINTS,1,0.1
XAUUSD-F,XAUUSD-F,USD,100,0.1
XAGUSD-F,XAGUSD-F,USD,5000,0.01
Crude-F,Crude-F,USD,100,0.01
Brent-F,Brent-F,USD,100,0.01
AAXJ.US,AAXJ.US,USD,1,0.1
ACWI.US,ACWI.US,USD,1,0.1
ARKF.US,ARKF.US,USD,1,0.1
ARKK.US,ARKK.US,USD,1,0.1
ARKW.US,ARKW.US,USD,1,0.1
ARKX.US,ARKX.US,USD,1,0.1
BRF.US,BRF.US,USD,1,0.1
BUZZ.US,BUZZ.US,USD,1,0.1
CIBR.US,CIBR.US,USD,1,0.1
COPX.US,COPX.US,USD,1,0.1
DBA.US,DBA.US,USD,1,0.1
DIA.US,DIA.US,USD,1,0.1
DVY.US,DVY.US,USD,1,0.1
ECH.US,ECH.US,USD,1,0.1
EFA.US,EFA.US,USD,1,0.1
EIDO.US,EIDO.US,USD,1,0.1
ENZL.US,ENZL.US,USD,1,0.1
EPHE.US,EPHE.US,USD,1,0.1
EPP.US,EPP.US,USD,1,0.1
EPU.US,EPU.US,USD,1,0.1
EWA.US,EWA.US,USD,1,0.1
EWC.US,EWC.US,USD,1,0.1
EWD.US,EWD.US,USD,1,0.1
EWG.US,EWG.US,USD,1,0.1
EWH.US,EWH.US,USD,1,0.1
EWM.US,EWM.US,USD,1,0.1
EWP.US,EWP.US,USD,1,0.1
EWQ.US,EWQ.US,USD,1,0.1
EWS.US,EWS.US,USD,1,0.1
EWT.US,EWT.US,USD,1,0.1
EWU.US,EWU.US,USD,1,0.1
EWW.US,EWW.US,USD,1,0.1
EWX.US,EWX.US,USD,1,0.1
EWY.US,EWY.US,USD,1,0.1
EWZ.US,EWZ.US,USD,1,0.1
EXI.US,EXI.US,USD,1,0.1
EZA.US,EZA.US,USD,1,0.1
FAN.US,FAN.US,USD,1,0.1
FXI.US,FXI.US,USD,1,0.1
GDX.US,GDX.US,USD,1,0.1
GDXJ.US,GDXJ.US,USD,1,0.1
ICLN.US,ICLN.US,USD,1,0.1
IEF.US,IEF.US,USD,1,0.1
IEV.US,IEV.US,USD,1,0.1
IGE.US,IGE.US,USD,1,0.1
IGF.US,IGF.US,USD,1,0.1
ILF.US,ILF.US,USD,1,0.1
INDY.US,INDY.US,USD,1,0.1
IUSG.US,IUSG.US,USD,1,0.1
IWM.US,IWM.US,USD,1,0.1
IWV.US,IWV.US,USD,1,0.1
IXC.US,IXC.US,USD,1,0.1
IXG.US,IXG.US,USD,1,0.1
IXP.US,IXP.US,USD,1,0.1
IYR.US,IYR.US,USD,1,0.1
KBE.US,KBE.US,USD,1,0.1
KRBN.US,KRBN.US,USD,1,0.1
KRE.US,KRE.US,USD,1,0.1
LIT.US,LIT.US,USD,1,0.1
MCHI.US,MCHI.US,USD,1,0.1
MDY.US,MDY.US,USD,1,0.1
MOO.US,MOO.US,USD,1,0.1
NERD.US,NERD.US,USD,1,0.1
NORW.US,NORW.US,USD,1,0.1
PFF.US,PFF.US,USD,1,0.1
PRNT.US,PRNT.US,USD,1,0.1
QAT.US,QAT.US,USD,1,0.1
SDY.US,SDY.US,USD,1,0.1
SGOL.US,SGOL.US,USD,1,0.1
SHV.US,SHV.US,USD,1,0.1
SHY.US,SHY.US,USD,1,0.1
SIL.US,SIL.US,USD,1,0.1
SKYY.US,SKYY.US,USD,1,0.1
SMIN.US,SMIN.US,USD,1,0.1
SOXX.US,SOXX.US,USD,1,0.1
SVXY.US,SVXY.US,USD,1,0.1
THD.US,THD.US,USD,1,0.1
TLT.US,TLT.US,USD,1,0.1
URA.US,URA.US,USD,1,0.1
VIXY.US,VIXY.US,USD,1,0.1
VNM.US,VNM.US,USD,1,0.1
VONG.US,VONG.US,USD,1,0.1
WOOD.US,WOOD.US,USD,1,0.1
XBI.US,XBI.US,USD,1,0.1
XHB.US,XHB.US,USD,1,0.1
XLE.US,XLE.US,USD,1,0.1
XLI.US,XLI.US,USD,1,0.1
XME.US,XME.US,USD,1,0.1
XOP.US,XOP.US,USD,1,0.1
XPH.US,XPH.US,USD,1,0.1
XRT.US,XRT.US,USD,1,0.1
VDC.US,VDC.US,USD,1,0.1
ARKG.US,ARKG.US,USD,1,0.1
EEM.US,EEM.US,USD,1,0.1
AAPL.US-24,AAPL.US-24,USD,1,0.1
AMD.US-24,AMD.US-24,USD,1,0.1
AMZN.US-24,AMZN.US-24,USD,1,0.1
BA.US-24,BA.US-24,USD,1,0.1
BABA.US-24,BABA.US-24,USD,1,0.1
BAC.US-24,BAC.US-24,USD,1,0.1
CAT.US-24,CAT.US-24,USD,1,0.1
DIS.US-24,DIS.US-24,USD,1,0.1
F.US-24,F.US-24,USD,1,0.1
GM.US-24,GM.US-24,USD,1,0.1
GOOG.US-24,GOOG.US-24,USD,1,0.1
HPQ.US-24,HPQ.US-24,USD,1,0.1
INTC.US-24,INTC.US-24,USD,1,0.1
JNJ.US-24,JNJ.US-24,USD,1,0.1
UNH.US-24,UNH.US-24,USD,1,0.1
XOM.US-24,XOM.US-24,USD,1,0.1
CVX.US-24,CVX.US-24,USD,1,0.1
KO.US-24,KO.US-24,USD,1,0.1
RTX.US-24,RTX.US-24,USD,1,0.1
SLB.US-24,SLB.US-24,USD,1,0.1
VZ.US-24,VZ.US-24,USD,1,0.1
IBM.US-24,IBM.US-24,USD,1,0.1
JPM.US-24,JPM.US-24,POINTS,1,0.1
META.US-24,META.US-24,USD,1,0.1
MSFT.US-24,MSFT.US-24,USD,1,0.1
NFLX.US-24,NFLX.US-24,USD,1,0.1
NKE.US-24,NKE.US-24,USD,1,0.1
NVDA.US-24,NVDA.US-24,USD,1,0.1
ORCL.US-24,ORCL.US-24,USD,1,0.1
PFE.US-24,PFE.US-24,USD,1,0.1
SNAP.US-24,SNAP.US-24,USD,1,0.1
TSLA.US-24,TSLA.US-24,USD,1,0.1
V.US-24,V.US-24,USD,1,0.1
WMT.US-24,WMT.US-24,USD,1,0.1
C.US-24,C.US-24,USD,1,0.1
MCD.US-24,MCD.US-24,USD,1,0.1
PG.US-24,PG.US-24,USD,1,0.1
LLY.US-24,LLY.US-24,USD,1,0.1
AVGO.US-24,AVGO.US-24,USD,1,0.1
MA.US-24,MA.US-24,USD,1,0.1
COST.US-24,COST.US-24,USD,1,0.1
ASML.US-24,ASML.US-24,USD,1,0.1
HD.US-24,HD.US-24,USD,1,0.1
MRK.US-24,MRK.US-24,USD,1,0.1
ABBV.US-24,ABBV.US-24,USD,1,0.1
CRM.US-24,CRM.US-24,USD,1,0.1
ADBE.US-24,ADBE.US-24,USD,1,0.1
WFC.US-24,WFC.US-24,USD,1,0.1
ACN.US-24,ACN.US-24,USD,1,0.1
QCOM.US-24,QCOM.US-24,USD,1,0.1
CSCO.US-24,CSCO.US-24,USD,1,0.1
ABT.US-24,ABT.US-24,USD,1,0.1
TXN.US-24,TXN.US-24,USD,1,0.1
PM.US-24,PM.US-24,USD,1,0.1
AXP.US-24,AXP.US-24,USD,1,0.1
MS.US-24,MS.US-24,USD,1,0.1
GS.US-24,GS.US-24,USD,1,0.1
UNP.US-24,UNP.US-24,USD,1,0.1
HON.US-24,HON.US-24,USD,1,0.1
UBER.US-24,UBER.US-24,USD,1,0.1
T.US-24,T.US-24,USD,1,0.1
LOW.US-24,LOW.US-24,USD,1,0.1
BKNG.US-24,BKNG.US-24,USD,1,0.1
BLK.US-24,BLK.US-24,USD,1,0.1
LMT.US-24,LMT.US-24,USD,1,0.1
ETN.US-24,ETN.US-24,USD,1,0.1
SCHW.US-24,SCHW.US-24,USD,1,0.1
BSX.US-24,BSX.US-24,USD,1,0.1
CB.US-24,CB.US-24,USD,1,0.1
DE.US-24,DE.US-24,USD,1,0.1
ABNB.US-24,ABNB.US-24,USD,1,0.1
ICE.US-24,ICE.US-24,USD,1,0.1
SBUX.US-24,SBUX.US-24,USD,1,0.1
CL.US-24,CL.US-24,USD,1,0.1
MCO.US-24,MCO.US-24,USD,1,0.1
GD.US-24,GD.US-24,USD,1,0.1
SHOP.US-24,SHOP.US-24,USD,1,0.1
CVS.US-24,CVS.US-24,USD,1,0.1
FDX.US-24,FDX.US-24,USD,1,0.1
CME.US-24,CME.US-24,USD,1,0.1
MAR.US-24,MAR.US-24,USD,1,0.1
NOC.US-24,NOC.US-24,USD,1,0.1
MSI.US-24,MSI.US-24,USD,1,0.1
PYPL.US-24,PYPL.US-24,USD,1,0.1
PLTR.US-24,PLTR.US-24,USD,1,0.1
MMM.US-24,MMM.US-24,USD,1,0.1
HLT.US-24,HLT.US-24,USD,1,0.1
MET.US-24,MET.US-24,USD,1,0.1
BK.US-24,BK.US-24,USD,1,0.1
LHX.US-24,LHX.US-24,USD,1,0.1
SNOW.US-24,SNOW.US-24,USD,1,0.1
MSCI.US-24,MSCI.US-24,USD,1,0.1
HSY.US-24,HSY.US-24,USD,1,0.1
CMI.US-24,CMI.US-24,USD,1,0.1
XYZ.US-24,XYZ.US-24,USD,1,0.1
GIS.US-24,GIS.US-24,USD,1,0.1
YUM.US-24,YUM.US-24,USD,1,0.1
LULU.US-24,LULU.US-24,USD,1,0.1
EFX.US-24,EFX.US-24,USD,1,0.1
BIDU.US-24,BIDU.US-24,USD,1,0.1
CBRE.US-24,CBRE.US-24,USD,1,0.1
DAL.US-24,DAL.US-24,USD,1,0.1
EBAY.US-24,EBAY.US-24,USD,1,0.1
CCL.US-24,CCL.US-24,USD,1,0.1
BBY.US-24,BBY.US-24,USD,1,0.1
HOOD.US-24,HOOD.US-24,USD,1,0.1
ZM.US-24,ZM.US-24,USD,1,0.1
OKTA.US-24,OKTA.US-24,USD,1,0.1
DPZ.US-24,DPZ.US-24,USD,1,0.1
AMCR.US-24,AMCR.US-24,USD,1,0.1
GME.US-24,GME.US-24,USD,1,0.1
WIX.US-24,WIX.US-24,USD,1,0.1
NIO.US-24,NIO.US-24,USD,1,0.1
HAS.US-24,HAS.US-24,USD,1,0.1
LYFT.US-24,LYFT.US-24,USD,1,0.1
BABA.US,BABA.US,USD,1,0.1
T.US,T.US,USD,1,0.1
MSFT.US,MSFT.US,USD,1,0.1
AMZN.US,AMZN.US,USD,1,0.1
ABNB.US,ABNB.US,USD,1,0.1
FOXA.US,FOXA.US,USD,1,0.1
AAPL.US,AAPL.US,USD,1,0.1
FOX.US,FOX.US,USD,1,0.1
META.US,META.US,USD,1,0.1
MMM.US,MMM.US,USD,1,0.1
GOOG.US,GOOG.US,USD,1,0.1
AXP.US,AXP.US,USD,1,0.1
NFLX.US,NFLX.US,USD,1,0.1
AOS.US,AOS.US,USD,1,0.1
AES.US,AES.US,USD,1,0.1
COIN.US,COIN.US,USD,1,0.1
AMC.US,AMC.US,USD,1,0.1
NVDA.US,NVDA.US,USD,1,0.1
BYND.US,BYND.US,USD,1,0.1
TSLA.US,TSLA.US,USD,1,0.1
AME.US,AME.US,USD,1,0.1
C.US,C.US,USD,1,0.1
APA.US,APA.US,USD,1,0.1
BIDU.US,BIDU.US,USD,1,0.1
ABBV.US,ABBV.US,USD,1,0.1
GS.US,GS.US,USD,1,0.1
IBM.US,IBM.US,USD,1,0.1
ABT.US,ABT.US,USD,1,0.1
ACN.US,ACN.US,USD,1,0.1
JPM.US,JPM.US,POINTS,1,0.1
ADBE.US,ADBE.US,USD,1,0.1
LMT.US,LMT.US,USD,1,0.1
AAP.US,AAP.US,USD,1,0.1
MA.US,MA.US,USD,1,0.1
AFL.US,AFL.US,USD,1,0.1
MCD.US,MCD.US,USD,1,0.1
A.US,A.US,USD,1,0.1
APD.US,APD.US,USD,1,0.1
PFE.US,PFE.US,USD,1,0.1
AKAM.US,AKAM.US,USD,1,0.1
NKE.US,NKE.US,USD,1,0.1
SPY.US,SPY.US,USD,1,0.1
ALK.US,ALK.US,USD,1,0.1
ALB.US,ALB.US,USD,1,0.1
AA.US,AA.US,USD,1,0.1
ORCL.US,ORCL.US,USD,1,0.1
ARE.US,ARE.US,USD,1,0.1
PLTR.US,PLTR.US,USD,1,0.1
ALGN.US,ALGN.US,USD,1,0.1
ALLE.US,ALLE.US,USD,1,0.1
UBER.US,UBER.US,USD,1,0.1
PTON.US,PTON.US,USD,1,0.1
LNT.US,LNT.US,USD,1,0.1
PYPL.US,PYPL.US,USD,1,0.1
ALL.US,ALL.US,USD,1,0.1
PG.US,PG.US,USD,1,0.1
GOOGL.US,GOOGL.US,USD,1,0.1
AMD.US,AMD.US,USD,1,0.1
MO.US,MO.US,USD,1,0.1
AMCR.US,AMCR.US,USD,1,0.1
EA.US,EA.US,USD,1,0.1
SNAP.US,SNAP.US,USD,1,0.1
QCOM.US,QCOM.US,USD,1,0.1
AEE.US,AEE.US,USD,1,0.1
AAL.US,AAL.US,USD,1,0.1
TMUS.US,TMUS.US,USD,1,0.1
AEP.US,AEP.US,USD,1,0.1
MRNA.US,MRNA.US,USD,1,0.1
BA.US,BA.US,USD,1,0.1
AIG.US,AIG.US,USD,1,0.1
DIS.US,DIS.US,USD,1,0.1
AMT.US,AMT.US,USD,1,0.1
AWK.US,AWK.US,USD,1,0.1
SPCE.US,SPCE.US,USD,1,0.1
AMP.US,AMP.US,USD,1,0.1
V.US,V.US,USD,1,0.1
AMGN.US,AMGN.US,USD,1,0.1
WMT.US,WMT.US,USD,1,0.1
APH.US,APH.US,USD,1,0.1
ZM.US,ZM.US,USD,1,0.1
ADI.US,ADI.US,USD,1,0.1
CRM.US,CRM.US,USD,1,0.1
AON.US,AON.US,USD,1,0.1
AMAT.US,AMAT.US,USD,1,0.1
APTV.US,APTV.US,USD,1,0.1
RYAAY.US,RYAAY.US,USD,1,0.1
ADM.US,ADM.US,USD,1,0.1
SHOP.US,SHOP.US,USD,1,0.1
ANET.US,ANET.US,USD,1,0.1
RBLX.US,RBLX.US,USD,1,0.1
AJG.US,AJG.US,USD,1,0.1
OKTA.US,OKTA.US,USD,1,0.1
AIZ.US,AIZ.US,USD,1,0.1
TRIP.US,TRIP.US,USD,1,0.1
ATO.US,ATO.US,USD,1,0.1
PANW.US,PANW.US,USD,1,0.1
ACB.US,ACB.US,USD,1,0.1
DASH.US,DASH.US,USD,1,0.1
AZO.US,AZO.US,USD,1,0.1
ADSK.US,ADSK.US,USD,1,0.1
CHWY.US,CHWY.US,USD,1,0.1
ADP.US,ADP.US,USD,1,0.1
TDOC.US,TDOC.US,USD,1,0.1
AVB.US,AVB.US,USD,1,0.1
ZTS.US,ZTS.US,USD,1,0.1
AVY.US,AVY.US,USD,1,0.1
TTE.US,TTE.US,USD,1,0.1
CAR.US,CAR.US,USD,1,0.1
BKR.US,BKR.US,USD,1,0.1
ASML.US,ASML.US,USD,1,0.1
AUPH.US,AUPH.US,POINTS,1,0.1
BALL.US,BALL.US,USD,1,0.1
DOCU.US,DOCU.US,USD,1,0.1
BAC.US,BAC.US,USD,1,0.1
LRN.US,LRN.US,USD,1,0.1
BAX.US,BAX.US,USD,1,0.1
BMBL.US,BMBL.US,USD,1,0.1
BDX.US,BDX.US,USD,1,0.1
BRK.B.US,BRK.B.US,USD,1,0.1
BBY.US,BBY.US,USD,1,0.1
BIO.US,BIO.US,USD,1,0.1
BNTX.US,BNTX.US,USD,1,0.1
BIIB.US,BIIB.US,USD,1,0.1
BB.US,BB.US,USD,1,0.1
BLK.US,BLK.US,USD,1,0.1
XYZ.US,XYZ.US,USD,1,0.1
BKNG.US,BKNG.US,USD,1,0.1
BWA.US,BWA.US,USD,1,0.1
BXP.US,BXP.US,USD,1,0.1
BSX.US,BSX.US,USD,1,0.1
BCTX.US,BCTX.US,USD,1,0.1
BMY.US,BMY.US,USD,1,0.1
AVGO.US,AVGO.US,USD,1,0.1
BR.US,BR.US,USD,1,0.1
BF-B.US,BF-B.US,USD,1,0.1
CHRW.US,CHRW.US,USD,1,0.1
CBRE.US,CBRE.US,USD,1,0.1
CDW.US,CDW.US,USD,1,0.1
CF.US,CF.US,USD,1,0.1
CME.US,CME.US,USD,1,0.1
CMS.US,CMS.US,USD,1,0.1
CSX.US,CSX.US,USD,1,0.1
CVS.US,CVS.US,USD,1,0.1
CDNS.US,CDNS.US,USD,1,0.1
CPB.US,CPB.US,USD,1,0.1
CGC.US,CGC.US,USD,1,0.1
COF.US,COF.US,USD,1,0.1
CAH.US,CAH.US,USD,1,0.1
KMX.US,KMX.US,USD,1,0.1
CCL.US,CCL.US,USD,1,0.1
CARR.US,CARR.US,USD,1,0.1
CAT.US,CAT.US,USD,1,0.1
CE.US,CE.US,USD,1,0.1
CNC.US,CNC.US,USD,1,0.1
CNP.US,CNP.US,USD,1,0.1
SCHW.US,SCHW.US,USD,1,0.1
CHTR.US,CHTR.US,USD,1,0.1
CVX.US,CVX.US,USD,1,0.1
CMG.US,CMG.US,USD,1,0.1
CB.US,CB.US,USD,1,0.1
CHD.US,CHD.US,USD,1,0.1
CI.US,CI.US,USD,1,0.1
CINF.US,CINF.US,USD,1,0.1
CTAS.US,CTAS.US,USD,1,0.1
CSCO.US,CSCO.US,USD,1,0.1
CFG.US,CFG.US,USD,1,0.1
CTSH.US,CTSH.US,USD,1,0.1
CL.US,CL.US,USD,1,0.1
CMCSA.US,CMCSA.US,USD,1,0.1
CMA.US,CMA.US,USD,1,0.1
CAG.US,CAG.US,USD,1,0.1
COP.US,COP.US,USD,1,0.1
ED.US,ED.US,USD,1,0.1
STZ.US,STZ.US,USD,1,0.1
CPRT.US,CPRT.US,USD,1,0.1
GLW.US,GLW.US,USD,1,0.1
CTVA.US,CTVA.US,USD,1,0.1
COST.US,COST.US,USD,1,0.1
CROX.US,CROX.US,USD,1,0.1
CRON.US,CRON.US,USD,1,0.1
CCI.US,CCI.US,USD,1,0.1
CMI.US,CMI.US,USD,1,0.1
DHI.US,DHI.US,USD,1,0.1
DTE.US,DTE.US,USD,1,0.1
DXC.US,DXC.US,USD,1,0.1
DVA.US,DVA.US,USD,1,0.1
DHR.US,DHR.US,USD,1,0.1
DRI.US,DRI.US,USD,1,0.1
DE.US,DE.US,USD,1,0.1
DAL.US,DAL.US,USD,1,0.1
XRAY.US,XRAY.US,USD,1,0.1
DVN.US,DVN.US,USD,1,0.1
DXCM.US,DXCM.US,USD,1,0.1
DEO.US,DEO.US,USD,1,0.1
FANG.US,FANG.US,USD,1,0.1
DLR.US,DLR.US,USD,1,0.1
DG.US,DG.US,USD,1,0.1
DLTR.US,DLTR.US,USD,1,0.1
D.US,D.US,USD,1,0.1
DPZ.US,DPZ.US,USD,1,0.1
DOV.US,DOV.US,USD,1,0.1
DOW.US,DOW.US,USD,1,0.1
DBX.US,DBX.US,USD,1,0.1
DUK.US,DUK.US,USD,1,0.1
EOG.US,EOG.US,USD,1,0.1
EMN.US,EMN.US,USD,1,0.1
ETN.US,ETN.US,USD,1,0.1
EBAY.US,EBAY.US,USD,1,0.1
ECL.US,ECL.US,USD,1,0.1
EIX.US,EIX.US,USD,1,0.1
EW.US,EW.US,USD,1,0.1
LLY.US,LLY.US,USD,1,0.1
EMR.US,EMR.US,USD,1,0.1
ENPH.US,ENPH.US,USD,1,0.1
ETR.US,ETR.US,USD,1,0.1
EFX.US,EFX.US,USD,1,0.1
EQIX.US,EQIX.US,USD,1,0.1
EQR.US,EQR.US,USD,1,0.1
ESS.US,ESS.US,USD,1,0.1
EL.US,EL.US,USD,1,0.1
EVRG.US,EVRG.US,USD,1,0.1
ES.US,ES.US,USD,1,0.1
EXC.US,EXC.US,USD,1,0.1
EXPE.US,EXPE.US,USD,1,0.1
EXPD.US,EXPD.US,USD,1,0.1
EXR.US,EXR.US,USD,1,0.1
XOM.US,XOM.US,USD,1,0.1
FFIV.US,FFIV.US,USD,1,0.1
FMC.US,FMC.US,USD,1,0.1
FAST.US,FAST.US,USD,1,0.1
FDX.US,FDX.US,USD,1,0.1
FRT.US,FRT.US,USD,1,0.1
FIS.US,FIS.US,USD,1,0.1
FITB.US,FITB.US,USD,1,0.1
FE.US,FE.US,USD,1,0.1
FLS.US,FLS.US,USD,1,0.1
F.US,F.US,USD,1,0.1
FTNT.US,FTNT.US,USD,1,0.1
FTV.US,FTV.US,USD,1,0.1
BEN.US,BEN.US,USD,1,0.1
FCX.US,FCX.US,USD,1,0.1
GME.US,GME.US,USD,1,0.1
GAP.US,GAP.US,USD,1,0.1
GRMN.US,GRMN.US,USD,1,0.1
IT.US,IT.US,USD,1,0.1
GD.US,GD.US,USD,1,0.1
GE.US,GE.US,USD,1,0.1
GIS.US,GIS.US,USD,1,0.1
GM.US,GM.US,USD,1,0.1
GPC.US,GPC.US,USD,1,0.1
GILD.US,GILD.US,USD,1,0.1
GTLB.US,GTLB.US,USD,1,0.1
GPN.US,GPN.US,USD,1,0.1
GL.US,GL.US,USD,1,0.1
GPRO.US,GPRO.US,USD,1,0.1
HCA.US,HCA.US,USD,1,0.1
HPQ.US,HPQ.US,USD,1,0.1
HAL.US,HAL.US,USD,1,0.1
HIG.US,HIG.US,USD,1,0.1
HAS.US,HAS.US,USD,1,0.1
HSIC.US,HSIC.US,USD,1,0.1
HPE.US,HPE.US,USD,1,0.1
HLT.US,HLT.US,USD,1,0.1
HOLX.US,HOLX.US,USD,1,0.1
HON.US,HON.US,USD,1,0.1
HRL.US,HRL.US,USD,1,0.1
HST.US,HST.US,USD,1,0.1
HWM.US,HWM.US,USD,1,0.1
HUM.US,HUM.US,USD,1,0.1
HBAN.US,HBAN.US,USD,1,0.1
HII.US,HII.US,USD,1,0.1
IDXX.US,IDXX.US,USD,1,0.1
IEX.US,IEX.US,USD,1,0.1
IPGP.US,IPGP.US,USD,1,0.1
IQV.US,IQV.US,USD,1,0.1
ITW.US,ITW.US,USD,1,0.1
ILMN.US,ILMN.US,USD,1,0.1
INCY.US,INCY.US,USD,1,0.1
IFF.US,IFF.US,USD,1,0.1
INTC.US,INTC.US,USD,1,0.1
ICE.US,ICE.US,USD,1,0.1
INTU.US,INTU.US,USD,1,0.1
ISRG.US,ISRG.US,USD,1,0.1
IVZ.US,IVZ.US,USD,1,0.1
QQQ.US,QQQ.US,USD,1,0.1
IRM.US,IRM.US,USD,1,0.1
JBHT.US,JBHT.US,USD,1,0.1
SJM.US,SJM.US,USD,1,0.1
JKHY.US,JKHY.US,USD,1,0.1
J.US,J.US,USD,1,0.1
JEF.US,JEF.US,USD,1,0.1
JNJ.US,JNJ.US,USD,1,0.1
JCI.US,JCI.US,USD,1,0.1
KLAC.US,KLAC.US,USD,1,0.1
KEY.US,KEY.US,USD,1,0.1
KEYS.US,KEYS.US,USD,1,0.1
KMB.US,KMB.US,USD,1,0.1
KIM.US,KIM.US,USD,1,0.1
KMI.US,KMI.US,USD,1,0.1
KHC.US,KHC.US,USD,1,0.1
KR.US,KR.US,USD,1,0.1
LHX.US,LHX.US,USD,1,0.1
LKQ.US,LKQ.US,USD,1,0.1
LH.US,LH.US,USD,1,0.1
LRCX.US,LRCX.US,USD,1,0.1
LW.US,LW.US,USD,1,0.1
LVS.US,LVS.US,USD,1,0.1
LEG.US,LEG.US,USD,1,0.1
LDOS.US,LDOS.US,USD,1,0.1
LEN.US,LEN.US,USD,1,0.1
LNC.US,LNC.US,USD,1,0.1
LIN.US,LIN.US,USD,1,0.1
LYV.US,LYV.US,USD,1,0.1
L.US,L.US,USD,1,0.1
LOGI.US,LOGI.US,USD,1,0.1
LOW.US,LOW.US,USD,1,0.1
LCID.US,LCID.US,USD,1,0.1
LULU.US,LULU.US,USD,1,0.1
LUMN.US,LUMN.US,USD,1,0.1
LYFT.US,LYFT.US,USD,1,0.1
LYB.US,LYB.US,USD,1,0.1
MTB.US,MTB.US,USD,1,0.1
MGM.US,MGM.US,USD,1,0.1
MSCI.US,MSCI.US,USD,1,0.1
MPC.US,MPC.US,USD,1,0.1
MKTX.US,MKTX.US,USD,1,0.1
MAR.US,MAR.US,USD,1,0.1
VAC.US,VAC.US,USD,1,0.1
MMC.US,MMC.US,USD,1,0.1
MLM.US,MLM.US,USD,1,0.1
MAS.US,MAS.US,USD,1,0.1
MAT.US,MAT.US,USD,1,0.1
MKC.US,MKC.US,USD,1,0.1
MCK.US,MCK.US,USD,1,0.1
MDT.US,MDT.US,USD,1,0.1
MELI.US,MELI.US,USD,1,0.1
MRK.US,MRK.US,USD,1,0.1
MET.US,MET.US,USD,1,0.1
MTD.US,MTD.US,USD,1,0.1
MSTR.US,MSTR.US,USD,1,0.1
MCHP.US,MCHP.US,USD,1,0.1
MU.US,MU.US,USD,1,0.1
MAA.US,MAA.US,USD,1,0.1
MHK.US,MHK.US,USD,1,0.1
TAP.US,TAP.US,USD,1,0.1
MDLZ.US,MDLZ.US,USD,1,0.1
MNST.US,MNST.US,USD,1,0.1
MCO.US,MCO.US,USD,1,0.1
MS.US,MS.US,USD,1,0.1
MORN.US,MORN.US,USD,1,0.1
MSI.US,MSI.US,USD,1,0.1
NIO.US,NIO.US,USD,1,0.1
NOV.US,NOV.US,USD,1,0.1
NRG.US,NRG.US,USD,1,0.1
NVR.US,NVR.US,USD,1,0.1
NNOX.US,NNOX.US,USD,1,0.1
NDAQ.US,NDAQ.US,USD,1,0.1
NTAP.US,NTAP.US,USD,1,0.1
NWL.US,NWL.US,USD,1,0.1
NEM.US,NEM.US,USD,1,0.1
NWSA.US,NWSA.US,USD,1,0.1
NWS.US,NWS.US,USD,1,0.1
NEE.US,NEE.US,USD,1,0.1
NI.US,NI.US,USD,1,0.1
NOK.US,NOK.US,USD,1,0.1
NSC.US,NSC.US,USD,1,0.1
NTRS.US,NTRS.US,USD,1,0.1
NOC.US,NOC.US,USD,1,0.1
NCLH.US,NCLH.US,USD,1,0.1
NVAX.US,NVAX.US,USD,1,0.1
NUE.US,NUE.US,USD,1,0.1
ORLY.US,ORLY.US,USD,1,0.1
OKE.US,OKE.US,USD,1,0.1
OXY.US,OXY.US,USD,1,0.1
ODFL.US,ODFL.US,USD,1,0.1
OMC.US,OMC.US,USD,1,0.1
OTIS.US,OTIS.US,USD,1,0.1
PCAR.US,PCAR.US,USD,1,0.1
PNC.US,PNC.US,USD,1,0.1
PPG.US,PPG.US,USD,1,0.1
PPL.US,PPL.US,USD,1,0.1
PKG.US,PKG.US,USD,1,0.1
PH.US,PH.US,USD,1,0.1
PAYX.US,PAYX.US,USD,1,0.1
PAYC.US,PAYC.US,USD,1,0.1
PNR.US,PNR.US,USD,1,0.1
PEP.US,PEP.US,USD,1,0.1
PRGO.US,PRGO.US,USD,1,0.1
PM.US,PM.US,USD,1,0.1
PSX.US,PSX.US,USD,1,0.1
PNW.US,PNW.US,USD,1,0.1
PINS.US,PINS.US,USD,1,0.1
POOL.US,POOL.US,USD,1,0.1
PFG.US,PFG.US,USD,1,0.1
PGR.US,PGR.US,USD,1,0.1
PLD.US,PLD.US,USD,1,0.1
PRU.US,PRU.US,USD,1,0.1
PEG.US,PEG.US,USD,1,0.1
RIVN.US,RIVN.US,USD,1,0.1
HOOD.US,HOOD.US,USD,1,0.1
RKLB.US,RKLB.US,USD,1,0.1
ROKU.US,ROKU.US,USD,1,0.1
SLB.US,SLB.US,USD,1,0.1
STNE.US,STNE.US,USD,1,0.1
SE.US,SE.US,USD,1,0.1
SNOW.US,SNOW.US,USD,1,0.1
SBUX.US,SBUX.US,USD,1,0.1
TXN.US,TXN.US,USD,1,0.1
BK.US,BK.US,USD,1,0.1
CLX.US,CLX.US,USD,1,0.1
KO.US,KO.US,USD,1,0.1
COO.US,COO.US,USD,1,0.1
HSY.US,HSY.US,USD,1,0.1
HD.US,HD.US,USD,1,0.1
MOS.US,MOS.US,USD,1,0.1
TMO.US,TMO.US,USD,1,0.1
TLRY.US,TLRY.US,USD,1,0.1
PATH.US,PATH.US,USD,1,0.1
USB.US,USB.US,USD,1,0.1
UNG.US,UNG.US,USD,1,0.1
UAA.US,UAA.US,USD,1,0.1
UA.US,UA.US,USD,1,0.1
UNP.US,UNP.US,USD,1,0.1
UNH.US,UNH.US,USD,1,0.1
UPS.US,UPS.US,USD,1,0.1
USO.US,USO.US,USD,1,0.1
UPST.US,UPST.US,USD,1,0.1
VZ.US,VZ.US,USD,1,0.1
VRTX.US,VRTX.US,USD,1,0.1
GWW.US,GWW.US,USD,1,0.1
XPEV.US,XPEV.US,USD,1,0.1
WFC.US,WFC.US,USD,1,0.1
WIX.US,WIX.US,USD,1,0.1
XRX.US,XRX.US,USD,1,0.1
YELP.US,YELP.US,USD,1,0.1
YUM.US,YUM.US,USD,1,0.1
SMCI.US,SMCI.US,USD,1,0.1
GTM.US,GTM.US,USD,1,0.1
NOW.US,NOW.US,USD,1,0.1
SPGI.US,SPGI.US,USD,1,0.1
SYK.US,SYK.US,USD,1,0.1
RTX.US,RTX.US,USD,1,0.1
TJX.US,TJX.US,USD,1,0.1
REGN.US,REGN.US,USD,1,0.1
BX.US,BX.US,USD,1,0.1
FISV.US,FISV.US,USD,1,0.1
KKR.US,KKR.US,USD,1,0.1
SNPS.US,SNPS.US,USD,1,0.1
WM.US,WM.US,USD,1,0.1
WDAY.US,WDAY.US,USD,1,0.1
SHW.US,SHW.US,USD,1,0.1
CRWD.US,CRWD.US,USD,1,0.1
SO.US,SO.US,USD,1,0.1
TGT.US,TGT.US,USD,1,0.1
APO.US,APO.US,USD,1,0.1
TDG.US,TDG.US,USD,1,0.1
DELL.US,DELL.US,USD,1,0.1
ROP.US,ROP.US,USD,1,0.1
MRVL.US,MRVL.US,USD,1,0.1
SPG.US,SPG.US,USD,1,0.1
WELL.US,WELL.US,USD,1,0.1
TRV.US,TRV.US,USD,1,0.1
PSA.US,PSA.US,USD,1,0.1
ROST.US,ROST.US,USD,1,0.1
TFC.US,TFC.US,USD,1,0.1
